<?xml version='1.0' encoding='ISO-8859-1'  ?>
<!-- $Revision: 28 $ $Date: 2008-09-05 12:36:45 +0100 (Fri, 05 Sep 2008) $ -->

<index version="1.0">
<indexitem target="User_guide7.html">A complete example</indexitem>
<indexitem target="Getting_Started1.html">About</indexitem>
<indexitem target="Getting_Started6.html">Acknowledgements</indexitem>
<indexitem target="User_guide4.html">Advanced maneuvers with panels</indexitem>
<indexitem target="User_guide7.html">Application design</indexitem>
<indexitem target="User_guide7_1.html">Application structure</indexitem>
<indexitem target="User_guide2.html">axes</indexitem>
<indexitem target="User_guide2_2.html">Axes inside layouts</indexitem>
<indexitem>Box
    <indexitem target="Function_reference2_1.html">uix.HBox (Function reference: 2.1)</indexitem>
    <indexitem target="Function_reference2_2.html">uix.VBox (Function reference: 2.2)</indexitem>
    <indexitem target="Function_reference2_3.html">uix.HBoxFlex (Function reference: 2.3)</indexitem>
    <indexitem target="Function_reference2_4.html">uix.VBoxFlex (Function reference: 2.4)</indexitem>
</indexitem>
<indexitem target="Function_reference.html#2">Boxes</indexitem>
<indexitem target="Function_reference1_3.html">BoxPanel</indexitem>
<indexitem>Button box
    <indexitem target="Function_reference2_5.html">uix.HButtonBox (Function reference: 2.5)</indexitem>
    <indexitem target="Function_reference2_6.html">uix.VButtonBox (Function reference: 2.6)</indexitem>
</indexitem>
<indexitem target="User_guide7.html">Callbacks</indexitem>
<indexitem target="Function_reference1_2.html">CardPanel</indexitem>
<indexitem target="User_guide2_3.html">Colorbars and legends</indexitem>
<indexitem target="Getting_Started2.html">Compatibility considerations</indexitem>
<indexitem target="User_guide6.html">Compiler</indexitem>
<indexitem target="User_guide4_1.html">Context help</indexitem>
<indexitem target="User_guide3.html">Controlling visibility</indexitem>
<indexitem target="User_guide7_2.html">createInterface</indexitem>
<indexitem target="User_guide6.html">Deploying GUIs using the MATLAB Compiler</indexitem>
<indexitem target="User_guide4_3.html">Dock and undock</indexitem>
<indexitem>Draggable dividers
    <indexitem target="Function_reference2_3.html">uix.HBoxFlex (Function reference: 2.3)</indexitem>
    <indexitem target="Function_reference2_4.html">uix.VBoxFlex (Function reference: 2.4)</indexitem>
    <indexitem target="Function_reference3_2.html">uix.GridFlex (Function reference: 3.2)</indexitem>
</indexitem>
<indexitem target="Function_reference4_1.html">Empty</indexitem>
<indexitem target="Examples.html">Examples</indexitem>
<indexitem>Flexible layout
    <indexitem target="Function_reference2_3.html">uix.HBoxFlex (Function reference: 2.3)</indexitem>
    <indexitem target="Function_reference2_4.html">uix.VBoxFlex (Function reference: 2.4)</indexitem>
</indexitem>
<indexitem target="Function_reference4_3.html">Folder</indexitem>
<indexitem target="Function_reference.html">Function reference</indexitem>
<indexitem target="Getting_Started.html">Getting Started</indexitem>
<indexitem target="Function_reference3_1.html">Grid</indexitem>
<indexitem target="Function_reference3_2.html">GridFlex</indexitem>
<indexitem target="Function_reference.html#3">Grids</indexitem>
<indexitem target="User_guide5.html">GUIDE</indexitem>
<indexitem target="Function_reference2_1.html">HBox</indexitem>
<indexitem target="Function_reference2_3.html">HBoxFlex</indexitem>
<indexitem target="Function_reference2_5.html">HButtonBox</indexitem>
<indexitem target="Getting_Started5.html">Help</indexitem>
<indexitem target="Function_reference2_5.html">Horizontal button layout</indexitem>
<indexitem>Horizontal layout
    <indexitem target="Function_reference2_1.html">uix.HBox (Function reference: 2.1)</indexitem>
    <indexitem target="Function_reference2_3.html">uix.HBoxFlex (Function reference: 2.3)</indexitem>
</indexitem>
<indexitem target="Getting_Started4.html">Installation</indexitem>
<indexitem target="Function_reference4_3.html">Installation folder</indexitem>
<indexitem target="User_guide1_1.html">Layout basics</indexitem>
<indexitem target="User_guide1_4.html">Layout hierarchies</indexitem>
<indexitem target="Function_reference4_3.html">layoutRoot</indexitem>
<indexitem target="User_guide6.html">MATLAB Compiler</indexitem>
<indexitem target="User_guide4_2.html">Minimize and maximize</indexitem>
<indexitem target="User_guide1_3.html#1.3.1">Minimum sizes</indexitem>
<indexitem target="User_guide7_4.html">onListSelection</indexitem>
<indexitem target="Function_reference.html#4">Other functions</indexitem>
<indexitem target="Function_reference1_1.html">Panel</indexitem>
<indexitem target="Function_reference.html#1">Panels</indexitem>
<indexitem target="User_guide2_1.html">Position vs OuterPosition</indexitem>
<indexitem target="User_guide2.html">Positioning axes</indexitem>
<indexitem target="Getting_Started3.html">Release notes</indexitem>
<indexitem target="Function_reference4_3.html">Root</indexitem>
<indexitem target="User_guide7_5.html">Running it</indexitem>
<indexitem target="User_guide7_6.html">Scalability</indexitem>
<indexitem target="Function_reference1_5.html">ScrollingPanel</indexitem>
<indexitem target="User_guide1_3.html">Sizes and units</indexitem>
<indexitem target="Getting_Started5.html">Support</indexitem>
<indexitem target="Function_reference1_4.html">TabPanel</indexitem>
<indexitem target="Function_reference4_2.html">Tracking</indexitem>
<indexitem target="User_guide1_2.html">Types of layout</indexitem>
<indexitem target="Function_reference1_3.html">uix.BoxPanel</indexitem>
<indexitem target="Function_reference1_2.html">uix.CardPanel</indexitem>
<indexitem target="Function_reference4_1.html">uix.Empty</indexitem>
<indexitem target="Function_reference3_1.html">uix.Grid</indexitem>
<indexitem target="Function_reference3_2.html">uix.GridFlex</indexitem>
<indexitem target="Function_reference2_1.html">uix.HBox</indexitem>
<indexitem target="Function_reference2_3.html">uix.HBoxFlex</indexitem>
<indexitem target="Function_reference2_5.html">uix.HButtonBox</indexitem>
<indexitem target="Function_reference1_1.html">uix.Panel</indexitem>
<indexitem target="Function_reference1_5.html">uix.ScrollingPanel</indexitem>
<indexitem target="Function_reference1_4.html">uix.TabPanel</indexitem>
<indexitem target="Function_reference4_2.html">uix.tracking</indexitem>
<indexitem target="Function_reference2_2.html">uix.VBox</indexitem>
<indexitem target="Function_reference2_4.html">uix.VBoxFlex</indexitem>
<indexitem target="Function_reference2_6.html">uix.VButtonBox</indexitem>
<indexitem target="User_guide1.html">Understanding layouts</indexitem>
<indexitem target="User_guide4_3.html">Undock</indexitem>
<indexitem target="Getting_Started4.html">Uninstall</indexitem>
<indexitem target="User_guide7_3.html">updateInterface</indexitem>
<indexitem target="User_guide.html">User guide</indexitem>
<indexitem target="User_guide5.html">Using layouts inside GUIDE GUIs</indexitem>
<indexitem target="Function_reference2_2.html">VBox</indexitem>
<indexitem target="Function_reference2_4.html">VBoxFlex</indexitem>
<indexitem target="Function_reference2_6.html">VButtonBox</indexitem>
<indexitem target="Function_reference2_6.html">Vertical button layout</indexitem>
<indexitem>Vertical layout
    <indexitem target="Function_reference2_2.html">uix.VBox (Function reference: 2.2)</indexitem>
    <indexitem target="Function_reference2_4.html">uix.VBoxFlex (Function reference: 2.4)</indexitem>
</indexitem>
<indexitem target="User_guide3_1.html">Visible example</indexitem>
<indexitem target="Getting_Started1.html">What is GUI Layout Toolbox?</indexitem>
<indexitem target="User_guide1_5.html">Why use layouts?</indexitem>
</index>
